Workbook

Sheet ANA
D1: İŞ EMRİ PROSES TAKİP FORMU | O1: İlk. Yay. Tar | Q1: 2025-10-03 00:00:00
O2: Dok No | Q2: F.02
O3: Revizyon Tarihi | Q3: 0
O4: Revizyon No | Q4: 00
A5: SAKA METALURJİ İŞ EMRİ NO | G5: SAKA METALURJİ PROJE KODU | L5: PLANLANAN ÜRETİM TARİHİ (HAFTA)
A6: MÜŞTERİ ADI | G6: PARÇA NUMARASI | L6: MALZEME BİLGİSİ (CİNSİ)
A7: SİPARİŞ EMRİ NO | G7: PARÇA TANIMI | L7: MALZEME ÖLÇÜSÜ
A8: İSTENEN TESLİMAT TARİHİ | G8: TEKNİK RESİM REVİZYONU | L8: GKK RAPOR NUMARASI
A9: SİPARİŞ MİKTARI | G9: İŞ EMRİ AÇILIŞ TARİHİ | L9: FAI KODU
A10: SİPARİŞE ÖZEL İSTENEN KALİTE KOŞULLARI : | D10: HAM MALZEME SERTİFİKASI ÖLÇÜM RAPORLARI-ARA DENETİM KAPLAMA/BOYAMA SERTİFİKASI -ARA DENETİM UYGUNLUK(COC) BELGESİ - ARA DENETİM KAYNAK SERTİFİKASI-ARA DENETİM TEST/ANALİZ RAPORLARI | H10: VARSA MÜŞTERİ ÖZEL İSTERLERİ:
A11: İŞ EMRİ EKLERİ : | D11: TEKNİK RESİM STEP DOSYASI | H11: DİKKAT EDİLMESİ GEREKEN KRİTİK NOKTALAR: | L11: NOT-1: Malzeme kontrolü yapılmadan, imalata başlanmayacaktır. İmalatın her operasyon sonunda parçalar kontrol edildikten sonra diğer operasyona geçecektir. NOT-2: ….... Parçada bir takımı değiştir ve Ölçme sıklığı …............. Parçada birdir. NOT-3: İmalat planı devam ederken operatör "FRM.37 Kalite Kontrol Ölçüm Raporu" her operasyon için ayrı ayrı dolduracaktır. • Endüstriyel Kaplama ve Boyama: Ürün kontrolü: Parçada akıntı olup olmadığı, Parçalar arasında ton farkı, Kaplama almayan bölge tespit edilip edilmediği, Maskelemeler, Kaplama Kalınlığı, Dalgalanma olup olmadığı, Taşma olup olmadığı, Ton farkı olup olmadığı kontrol edilir. • Isıl İşlem Prosesleri:Kontrol Sertlik değerleri tedarikçiden alınan COC’ye göre yapılır. • Kaynaklı İmalat: Kaynaklı İmalat tedarikçilerinden, gerekli durumlarda Kaynak yapan personel Kaynakçı Sertifikası istenir. • Manyetik Parçacık testi: Kontrolü tedarikçiden alınan COC belge kontrolü ile sağlanır. • Diğer:
A12: İŞ EMRİNİ HAZIRLAYAN: | F12: İŞ EMRİNİ TESLİM ALAN:
A13: OPERASYON AŞAMALARI
A14: SIRA NO | B14: İŞLEM ADIMI/ OPERASYON | D14: İŞLEMADIMI/ OPERASYON AÇIKLAMASI | H14: MAKİNA KODU | I14: BAŞLANGIÇ TARİHİ VE SAATİ | K14: YAPILAN MİKTAR | L14: BİTİŞ TARİHİ VE SAATİ | M14: BOZUK MİKTARI | N14: PERSONELİMZA | Q14: KONTROL EDEN PERSONEL İMZA
A15: 1 | B15: İŞLEME MERKEZİ OP.1.OP
A16: 2 | B16: ARA KALİTE KONTROL
A17: 3 | B17: İŞLEME MERKEZİ OP.2.OP
A18: 4 | B18: ARA KALİTE KONTROL
A19: 5 | B19: TESVİYE OPERASYONU
A20: 6 | B20: ARA KALİTE KONTROL
A21: 7 | B21: DIŞ PROSES
A22: 8 | B22: SON KALİTE KONTROL
A23: ÖZEL PROSES UYGULAMALARI
A24: S.NO | B24: UYGULAMA | D24: STANDART | F24: İST. DEĞERLER | J24: RAPOR NO | L24: GİDİŞ TARİHİ | N24: GELİŞ TARİHİ | Q24: GKK KONTROL EDEN
A25: 1
A26: 2
A27: DIŞ PROSES UYGULAMALARI
A28: S.NO | B28: UYGULAMA | D28: STANDART | F28: İST. DEĞERLER | J28: TEDARİKÇİ | L28: GİDİŞ TARİHİ | N28: GELİŞ TARİHİ | Q28: GKK KONTROL EDEN
A29: 1
A30: 2
A31: 3
A32: *C.O.C *CMM Ölçüm Sonuçları *Teknik Resim *Malzeme Uygunluğu *Dış Proses Uygunluğu *Kontrol Raporları * Hammadde GKF *KKÖF Kayıtları | D32: 1- MALZEME SERTİFİKASI: Şartname veya teknik resim isterleri ile malzeme sertifikası arasındaki uygunluk incelenir. 2- TEKNİK RESİM: P.001 Dökümanların Hazırlanması ve Kontrolü Prosedürü'nün 5.3 maddesine göre dağıtım ve teslimatının yapılıp yapılmadığı kontrol edilir. 3- ÜRETİM KONTROL FORMLARI: İş Emri'nde işaret edilen Üretim Kontrol Formları'nın doldurulmasının ve tesliminin doğruluğu incelenir. 4- CMM RAPORLARI: CMM ölçüm raporlarının müşteri isterlerine uygun aralıkta ve miktarda yapılıp yapılmadığına ve raporda izlenilebilirliğe dair kısımların doldurup doldurulmadığına bakılır. 5-DIŞ PROSES UYGUNLUKLARI: Tedarikçiden alınan uygunluk sertifikaları ile teknik resim veya şartnamede belirtilen isterlerin uygunlukları incelenir. 6-ÖZEL PROSES RAPORLARI: T.062 Özel Proses Talimatı' nda açıklandığı şekilde rapor edilip edilmediğine dair inceleme yapılır. 7- FAI RAPORU: P.024 FAI Numune Hazırlama Prosedürü'nde açıklandığı şekilde rapor edilip edilmediğine dair inceleme yapılır. 8- SON KONTROL FORMU: Son Kontrol Formu'nun doldurulmuş ve tüm kriterlerin gözden geçirilmiş olup olmadığı kontrol edilir. | L32: İŞ EMRİNİ KAPATAN AD-SOYAD İMZA İŞ EMRİNİN KAPATILMA TARİHİ | N32: ...…… / ...…… / 202… | Q32: SEVKİYAT İÇİN UYGUNDUR

Sheet 2- KAL. PL.
D1: İŞ EMRİ PROSES TAKİP FORMU | O1: İlk. Yay. Tar | Q1: 2025-10-03 00:00:00
O2: Dok No | Q2: F.02
O3: Revizyon Tarihi | Q3: 0
O4: Revizyon No | Q4: 00
A5: SAKA METALURJİ İŞ EMRİ NO | D5: =ANA!D5 | G5: SAKA METALURJİ PROJE KODU | I5: =ANA!I5 | L5: PLANLANAN ÜRETİM TARİHİ (HAFTA) | O5: =ANA!O5
A6: MÜŞTERİ ADI | D6: =ANA!D6 | G6: PARÇA NUMARASI | I6: =ANA!I6 | L6: MALZEME BİLGİSİ (CİNSİ) | O6: =ANA!O6
A7: SİPARİŞ EMRİ NO | D7: =ANA!D7 | G7: PARÇA TANIMI | I7: =ANA!I7 | L7: MALZEME ÖLÇÜSÜ | O7: =ANA!O7
A8: İSTENEN TESLİMAT TARİHİ | D8: =ANA!D8 | G8: TEKNİK RESİM REVİZYONU | I8: =ANA!I8 | L8: GKK RAPOR NUMARASI | O8: =ANA!O8
A9: SİPARİŞ MİKTARI | D9: =ANA!D9 | G9: İŞ EMRİ AÇILIŞ TARİHİ | I9: =ANA!I9 | L9: FAI KODU | O9: =ANA!O9
A10: KOD | B10: İŞ AKIŞI | E10: SÜRECİN YÖNTEMİ | J10: DOLDURULACAK DOKÜMAN | L10: UYGULAYABİLECEK PERSONEL | M10: KULLANILACAK ALET VE CİHAZLAR | O10: NUMUNE ALMA KRİTERİ | Q10: KONTROL
A11: 1 | B11: HAMMADDE GİRİŞ KONTROL/ YARI MAMÜL | E11: Görsel muayene, boyut, İrsaliye ile miktar ve gelen malzeme sertifikasına göre malzeme cinsi kontrolü | J11: F.01 GİRİŞ KALİTE KONTROL RAPOR FORMU | L11: Kalite Kontrol Sorumlusu | M11: Gözle Kontrol, Elle Kontrol, Kumpas, Şerit Metre | O11: Müşteri Talebi Esaslı/ Örnekleme Talimatı/ %100 Muayene
A12: 2 | B12: CAM OLUŞTURMA- NC PROGRAMLAMA | E12: 3D Modele göre yapılan operasyon planı ve parça için takım fişini, parça koordinatlarının oluşturulması ve operatöre verilmesi | J12: TAKIM FİŞİ | L12: CAM Sorumlusu | M12: CAM PROGRAMLAMA | O12: 1
A13: 3 | B13: CNC İŞLEME MERKEZLERİ | E13: Takım Fişine bağlı olarak takım boylarını ve takım numarası ile tezgaha bağlanması. Parça sıfırının kontrol edilmesi ve ilk parçanın kontrol edilmesi. Uygunluk onayı sonrası parça işlenirken M01 komutunda çalıştırma ve her takım değiştirmede kesici ağızlarının kontrol edilmesi | J13: TAKIM FİŞİ, F.02 İŞ EMRİ FORMU | L13: Üretim Sorumlusu | M13: CAM Programı, Kumpas, Mikrometre, Mastar,CMM, Kompretör, Mihengir vb. | O13: 1
A14: 4 | B14: İLK NUMUNE ARA KONTROL | E14: Teknik dökümanlara göre görsel ve boyutsal muayene, Mastar kontrolleri, | J14: F.02 ARA KONTROL FORMU, F.02 İŞ EMRİ FORMU | L14: Kalite Kontrol Sorumlusu | M14: Kumpas, Mikrometre, Mastar,CMM, Kompretör, Mihengir vb. | O14: 1
A15: 5 | B15: OPERASYONLAR ARASI KONTROLLER | E15: Teknik dökümanlara göre görsel ve boyutsal muayene, Mastar kontrolleri, Montaj kontrolleri | J15: F.03 ARA KONTROL FORMU, F.02 İŞ EMRİ FORMU | L15: Kalite Kontrol Sorumlusu, İlgili operasyondan sorumlu operatör, G.K.K Sorumlusu | M15: Kumpas, Mikrometre, Mastar,CMM, Kompretör, Mihengir vb. | O15: Aksi belirtilmedikçe 100%
A16: 6 | B16: FAI KONTROL | E16: Teknik dökümanlara göre görsel ve boyutsal muayene, Mastar kontrolleri, Montaj kontrolleri, Dış Proses ve Özel Proses kontrolleri | J16: İLK ÜRÜN DENETİM (FAI) FORMU | L16: Kalite Kontrol Sorumlusu ve Dış Prosesler ve Özel Prosesler için G.K.K Sorumlusu | M16: Kumpas, Mikrometre, Mastar,CMM, Kompretör, Mihengir vb. | O16: 1
A17: 7 | B17: İÇ / ÖZEL PROSES ARA KONTROLLERİ | E17: GKK Raporu ile ve COC ile kontrol uygunluğu | J17: F.01 GİRİŞ KALİTE KONTROL RAPOR FORMU, F.02 İŞ EMRİ FORMU | L17: Özel Proses Personeli,G.K.K Sorumlusu,Kalite Kontrol Sorumlusu | M17: COC, göz ile kontrol | O17: 1
A18: 8 | B18: DIŞ PROSES ARA KONTROLLERİ | E18: Tedarikçiden alınan uygunluk sertifikaları ile teknik resim veya şartnamede belirtilen isterlerin uygunlukları incelenir. Dış prosese giden ve dönen adetler incelenip görsel muayenesi yapılır. | J18: F.01 GİRİŞ KALİTE KONTROL RAPOR FORMU, F.02 İŞ EMRİ PROSES TAKİP FORMU | L18: G.K.K Sorumlusu,Kalite Kontrol Sorumlusu | M18: COC, göz ile kontrol | O18: 1
A19: 9 | B19: SON KONTROL | E19: DOKÜMANTASYON UYGUNLUĞU (İş Emri Son madde kriterlerine göre) | J19: F.03 ARA KONTROL FORMU, F.02 İŞ EMRİ FORMU | L19: Kalite Sorumlusu | M19: Kumpas, Mikrometre, Mastar,CMM, Kompretör, Mihengir vb. Görsel ve Doküman kontrolü | O19: 1
A20: 10 | B20: PAKETLEME/AMBALAJ, SEVK | E20: Sipariş miktarına göre adet kontrolü,görsel uygunluk kontrolü,varsa markalama uygunluğu kontrolü, paketleme ve etiketleme uygunluğu | J20: F.03 ARA KONTROL FORMU, F.02 İŞ EMRİ FORMU | L20: Kalite Kontrol Sorumlusu | M20: Görsel Kontrol | O20: 1
A21: TAKİP EDİLMESİ GEREKEN ÜRETİM AŞAMALARI
A22: SIRA NO | B22: İŞLEM ADIMI/ OPERASYON | E22: KAYIP ZAMAN | G22: BİRİM İŞLEME SÜRESİ | I22: İŞLEME YÖNÜ | K22: CAM KODU | M22: APARAT KODU | O22: ÜRETİM PLANLAMA KONTROL
A23: 1
A24: 2
A25: 3
A26: 4
A27: 5
A28: 6
A29: 7
A30: 8

Sheet Gece Vardiyası
D1: İŞ EMRİ PROSES TAKİP FORMU | O1: İlk. Yay. Tar | Q1: 2025-10-03 00:00:00
O2: Dok No | Q2: F.02
O3: Revizyon Tarihi | Q3: 0
O4: Revizyon No | Q4: 00
A5: SAKA METALURJİ İŞ EMRİ NO | D5: =ANA!D5 | G5: SAKA METALURJİ PROJE KODU | I5: =ANA!I5 | L5: PLANLANAN ÜRETİM TARİHİ (HAFTA) | O5: =ANA!O5
A6: MÜŞTERİ ADI | D6: =ANA!D6 | G6: PARÇA NUMARASI | I6: =ANA!I6 | L6: MALZEME BİLGİSİ (CİNSİ) | O6: =ANA!O6
A7: SİPARİŞ EMRİ NO | D7: =ANA!D7 | G7: PARÇA TANIMI | I7: =ANA!I7 | L7: MALZEME ÖLÇÜSÜ | O7: =ANA!O7
A8: İSTENEN TESLİMAT TARİHİ | D8: =ANA!D8 | G8: TEKNİK RESİM REVİZYONU | I8: =ANA!I8 | L8: GKK RAPOR NUMARASI | O8: =ANA!O8
A9: SİPARİŞ MİKTARI | D9: =ANA!D9 | G9: İŞ EMRİ AÇILIŞ TARİHİ | I9: =ANA!I9 | L9: FAI KODU | O9: =ANA!O9
A10: ÜRETİM AŞAMALARI
A11: SIRA NO | B11: BAŞLAMA TARİHİ SAAT | D11: GERÇEKLEŞTİRİLEN OPERASYON /İŞLEM | H11: OPERASYON SÜRESİ | I11: UYGUN | J11: HURDA | K11: BİTİŞ TARİHİ SAAT | M11: TEZGAH | N11: PERSONEL | Q11: ONAY / İMZA
A12: 1 | B12: ……./………/2025 ……. : ……. | K12: ……./………/2025 ……. : …….
A13: 2 | B13: ……./………/2025 ……. : ……. | K13: ……./………/2025 ……. : …….
A14: 3 | B14: ……./………/2025 ……. : ……. | K14: ……./………/2025 ……. : …….
A15: 4 | B15: ……./………/2025 ……. : ……. | K15: ……./………/2025 ……. : …….
A16: 5 | B16: ……./………/2025 ……. : ……. | K16: ……./………/2025 ……. : …….
A17: 6 | B17: ……./………/2025 ……. : ……. | K17: ……./………/2025 ……. : …….
A18: 7 | B18: ……./………/2025 ……. : ……. | K18: ……./………/2025 ……. : …….
A19: 8 | B19: ……./………/2025 ……. : ……. | K19: ……./………/2025 ……. : …….
A20: 9 | B20: ……./………/2025 ……. : ……. | K20: ……./………/2025 ……. : …….
A21: 10 | B21: ……./………/2025 ……. : ……. | K21: ……./………/2025 ……. : …….
A22: 11 | B22: ……./………/2025 ……. : ……. | K22: ……./………/2025 ……. : …….
A23: 12 | B23: ……./………/2025 ……. : ……. | K23: ……./………/2025 ……. : …….
A24: İŞ EMRİNİ YAYIMLAYAN AD-SOYAD İMZA- TARİH | I24: İŞ EMRİNİ TESLİM ALAN AD-SOYAD İMZA-TARİH

Sheet EK
D1: İŞ EMRİ PROSES TAKİP FORMU | O1: İlk. Yay. Tar | Q1: 2025-10-03 00:00:00
O2: Dok No | Q2: F.02
O3: Revizyon Tarihi | Q3: 0
O4: Revizyon No | Q4: 00
A5: SAKA METALURJİ İŞ EMRİ NO | G5: SAKA METALURJİ PROJE KODU | L5: PLANLANAN ÜRETİM TARİHİ (HAFTA)
A6: MÜŞTERİ ADI | G6: PARÇA NUMARASI | L6: MALZEME BİLGİSİ (CİNSİ)
A7: SİPARİŞ EMRİ NO | G7: PARÇA TANIMI | L7: MALZEME ÖLÇÜSÜ
A8: İSTENEN TESLİMAT TARİHİ | G8: TEKNİK RESİM REVİZYONU | L8: GKK RAPOR NUMARASI
A9: SİPARİŞ MİKTARI | G9: İŞ EMRİ AÇILIŞ TARİHİ | L9: FAI KODU
A10: SİPARİŞE ÖZEL İSTENEN KALİTE KOŞULLARI : | D10: HAM MALZEME SERTİFİKASI ÖLÇÜM RAPORLARI-ARA DENETİM KAPLAMA/BOYAMA SERTİFİKASI -ARA DENETİM UYGUNLUK(COC) BELGESİ - ARA DENETİM KAYNAK SERTİFİKASI-ARA DENETİM TEST/ANALİZ RAPORLARI | H10: VARSA MÜŞTERİ ÖZEL İSTERLERİ:
A11: İŞ EMRİ EKLERİ : | D11: TEKNİK RESİM STEP DOSYASI | H11: DİKKAT EDİLMESİ GEREKEN KRİTİK NOKTALAR: | L11: NOT-1: Malzeme kontrolü yapılmadan, imalata başlanmayacaktır. İmalatın her operasyon sonunda parçalar kontrol edildikten sonra diğer operasyona geçecektir. NOT-2: ….... Parçada bir takımı değiştir ve Ölçme sıklığı …............. Parçada birdir. NOT-3: İmalat planı devam ederken operatör "FRM.37 Kalite Kontrol Ölçüm Raporu" her operasyon için ayrı ayrı dolduracaktır. • Endüstriyel Kaplama ve Boyama: Ürün kontrolü: Parçada akıntı olup olmadığı, Parçalar arasında ton farkı, Kaplama almayan bölge tespit edilip edilmediği, Maskelemeler, Kaplama Kalınlığı, Dalgalanma olup olmadığı, Taşma olup olmadığı, Ton farkı olup olmadığı kontrol edilir. • Isıl İşlem Prosesleri:Kontrol Sertlik değerleri tedarikçiden alınan COC’ye göre yapılır. • Kaynaklı İmalat: Kaynaklı İmalat tedarikçilerinden, gerekli durumlarda Kaynak yapan personel Kaynakçı Sertifikası istenir. • Manyetik Parçacık testi: Kontrolü tedarikçiden alınan COC belge kontrolü ile sağlanır. • Diğer:
A12: İŞ EMRİNİ HAZIRLAYAN: | F12: İŞ EMRİNİ TESLİM ALAN:
A13: OPERASYON AŞAMALARI
A14: SIRA NO | B14: İŞLEM ADIMI/ OPERASYON | D14: İŞLEMADIMI/ OPERASYON AÇIKLAMASI | H14: MAKİNA KODU | I14: BAŞLANGIÇ TARİHİ VE SAATİ | K14: YAPILAN MİKTAR | L14: BİTİŞ TARİHİ VE SAATİ | M14: BOZUK MİKTARI | N14: PERSONELİMZA | Q14: KONTROL EDEN PERSONEL İMZA
A15: 1 | B15: İŞLEME MERKEZİ OP.1.OP
A16: 2 | B16: ARA KALİTE KONTROL
A17: 3 | B17: İŞLEME MERKEZİ OP.2.OP
A18: 4 | B18: ARA KALİTE KONTROL
A19: 5 | B19: TESVİYE OPERASYONU
A20: 6 | B20: ARA KALİTE KONTROL
A21: 7 | B21: DIŞ PROSES
A22: 8 | B22: SON KALİTE KONTROL
